go_term	split	n_examples	n_positive	n_negative
GO:0000086	cv_fold1	135	13	122
GO:0000086	cv_fold2	133	11	122
GO:0000086	cv_fold3	135	12	123
GO:0000086	holdout	103	9	94
GO:0000381	cv_fold1	162	15	147
GO:0000381	cv_fold2	160	15	145
GO:0000381	cv_fold3	158	15	143
GO:0000381	holdout	120	11	109
GO:0000724	cv_fold1	337	30	307
GO:0000724	cv_fold2	326	31	295
GO:0000724	cv_fold3	330	31	299
GO:0000724	holdout	249	22	227
GO:0001578	cv_fold1	346	32	314
GO:0001578	cv_fold2	337	30	307
GO:0001578	cv_fold3	342	31	311
GO:0001578	holdout	251	23	228
GO:0001649	cv_fold1	401	38	363
GO:0001649	cv_fold2	393	36	357
GO:0001649	cv_fold3	392	36	356
GO:0001649	holdout	300	27	273
GO:0001654	cv_fold1	588	106	482
GO:0001654	cv_fold2	593	104	489
GO:0001654	cv_fold3	587	104	483
GO:0001654	holdout	563	76	487
GO:0001666	cv_fold1	556	74	482
GO:0001666	cv_fold2	567	76	491
GO:0001666	cv_fold3	558	74	484
GO:0001666	holdout	538	55	483
GO:0001837	cv_fold1	238	22	216
GO:0001837	cv_fold2	233	22	211
GO:0001837	cv_fold3	235	20	215
GO:0001837	holdout	178	16	162
GO:0001938	cv_fold1	259	24	235
GO:0001938	cv_fold2	255	24	231
GO:0001938	cv_fold3	257	24	233
GO:0001938	holdout	192	16	176
GO:0006325	cv_fold1	727	250	477
GO:0006325	cv_fold2	731	244	487
GO:0006325	cv_fold3	738	251	487
GO:0006325	holdout	669	182	487
GO:0006400	cv_fold1	261	24	237
GO:0006400	cv_fold2	256	24	232
GO:0006400	cv_fold3	252	24	228
GO:0006400	holdout	192	17	175
GO:0006402	cv_fold1	337	30	307
GO:0006402	cv_fold2	335	30	305
GO:0006402	cv_fold3	337	31	306
GO:0006402	holdout	254	23	231
GO:0006487	cv_fold1	212	20	192
GO:0006487	cv_fold2	216	20	196
GO:0006487	cv_fold3	210	20	190
GO:0006487	holdout	156	14	142
GO:0006493	cv_fold1	284	27	257
GO:0006493	cv_fold2	284	25	259
GO:0006493	cv_fold3	284	26	258
GO:0006493	holdout	211	19	192
GO:0006631	cv_fold1	566	83	483
GO:0006631	cv_fold2	570	82	488
GO:0006631	cv_fold3	571	83	488
GO:0006631	holdout	551	62	489
GO:0006693	cv_fold1	111	11	100
GO:0006693	cv_fold2	109	11	98
GO:0006693	cv_fold3	112	10	102
GO:0006693	holdout	83	7	76
GO:0006813	cv_fold1	525	49	476
GO:0006813	cv_fold2	529	49	480
GO:0006813	cv_fold3	526	48	478
GO:0006813	holdout	390	36	354
GO:0006879	cv_fold1	188	18	170
GO:0006879	cv_fold2	187	18	169
GO:0006879	cv_fold3	189	17	172
GO:0006879	holdout	144	13	131
GO:0006888	cv_fold1	338	31	307
GO:0006888	cv_fold2	343	29	314
GO:0006888	cv_fold3	335	30	305
GO:0006888	holdout	251	22	229
GO:0007189	cv_fold1	461	41	420
GO:0007189	cv_fold2	459	42	417
GO:0007189	cv_fold3	456	42	414
GO:0007189	holdout	346	32	314
GO:0007283	cv_fold1	637	155	482
GO:0007283	cv_fold2	643	159	484
GO:0007283	cv_fold3	632	148	484
GO:0007283	holdout	603	117	486
GO:0007399	cv_fold1	881	394	487
GO:0007399	cv_fold2	880	394	486
GO:0007399	cv_fold3	870	393	477
GO:0007399	holdout	877	393	484
GO:0007601	cv_fold1	546	59	487
GO:0007601	cv_fold2	545	56	489
GO:0007601	cv_fold3	546	56	490
GO:0007601	holdout	481	44	437
GO:0007605	cv_fold1	474	43	431
GO:0007605	cv_fold2	468	43	425
GO:0007605	cv_fold3	473	43	430
GO:0007605	holdout	351	30	321
GO:0008202	cv_fold1	556	65	491
GO:0008202	cv_fold2	555	66	489
GO:0008202	cv_fold3	555	66	489
GO:0008202	holdout	543	48	495
GO:0008584	cv_fold1	415	39	376
GO:0008584	cv_fold2	417	39	378
GO:0008584	cv_fold3	413	37	376
GO:0008584	holdout	307	29	278
GO:0010506	cv_fold1	572	88	484
GO:0010506	cv_fold2	564	87	477
GO:0010506	cv_fold3	574	88	486
GO:0010506	holdout	549	66	483
GO:0016236	cv_fold1	532	56	476
GO:0016236	cv_fold2	544	56	488
GO:0016236	cv_fold3	543	55	488
GO:0016236	holdout	447	42	405
GO:0031297	cv_fold1	136	12	124
GO:0031297	cv_fold2	137	13	124
GO:0031297	cv_fold3	134	12	122
GO:0031297	holdout	101	9	92
GO:0031398	cv_fold1	309	29	280
GO:0031398	cv_fold2	313	28	285
GO:0031398	cv_fold3	312	28	284
GO:0031398	holdout	235	21	214
GO:0034341	cv_fold1	300	29	271
GO:0034341	cv_fold2	308	28	280
GO:0034341	cv_fold3	301	28	273
GO:0034341	holdout	227	21	206
GO:0035987	cv_fold1	134	13	121
GO:0035987	cv_fold2	131	11	120
GO:0035987	cv_fold3	131	12	119
GO:0035987	holdout	98	9	89
GO:0042476	cv_fold1	339	32	307
GO:0042476	cv_fold2	343	31	312
GO:0042476	cv_fold3	334	30	304
GO:0042476	holdout	252	22	230
GO:0042593	cv_fold1	539	53	486
GO:0042593	cv_fold2	536	51	485
GO:0042593	cv_fold3	538	52	486
GO:0042593	holdout	423	38	385
GO:0042632	cv_fold1	254	24	230
GO:0042632	cv_fold2	256	24	232
GO:0042632	cv_fold3	249	23	226
GO:0042632	holdout	187	17	170
GO:0043488	cv_fold1	466	43	423
GO:0043488	cv_fold2	459	41	418
GO:0043488	cv_fold3	463	43	420
GO:0043488	holdout	343	32	311
GO:0045089	cv_fold1	566	74	492
GO:0045089	cv_fold2	555	74	481
GO:0045089	cv_fold3	563	72	491
GO:0045089	holdout	537	56	481
GO:0045787	cv_fold1	576	88	488
GO:0045787	cv_fold2	575	88	487
GO:0045787	cv_fold3	573	84	489
GO:0045787	holdout	550	64	486
GO:0045814	cv_fold1	455	42	413
GO:0045814	cv_fold2	453	40	413
GO:0045814	cv_fold3	452	40	412
GO:0045814	holdout	339	30	309
GO:0046034	cv_fold1	318	30	288
GO:0046034	cv_fold2	313	26	287
GO:0046034	cv_fold3	318	29	289
GO:0046034	holdout	233	20	213
GO:0050679	cv_fold1	543	51	492
GO:0050679	cv_fold2	538	52	486
GO:0050679	cv_fold3	541	52	489
GO:0050679	holdout	430	38	392
GO:0050680	cv_fold1	392	37	355
GO:0050680	cv_fold2	390	36	354
GO:0050680	cv_fold3	387	35	352
GO:0050680	holdout	290	27	263
GO:0050731	cv_fold1	337	30	307
GO:0050731	cv_fold2	330	31	299
GO:0050731	cv_fold3	331	31	300
GO:0050731	holdout	254	23	231
GO:0050796	cv_fold1	498	46	452
GO:0050796	cv_fold2	494	44	450
GO:0050796	cv_fold3	492	46	446
GO:0050796	holdout	368	34	334
GO:0050890	cv_fold1	580	86	494
GO:0050890	cv_fold2	575	84	491
GO:0050890	cv_fold3	570	84	486
GO:0050890	holdout	559	65	494
GO:0051310	cv_fold1	231	22	209
GO:0051310	cv_fold2	230	21	209
GO:0051310	cv_fold3	226	20	206
GO:0051310	holdout	171	15	156
GO:0051865	cv_fold1	200	19	181
GO:0051865	cv_fold2	202	19	183
GO:0051865	cv_fold3	195	18	177
GO:0051865	holdout	146	12	134
GO:0060828	cv_fold1	556	67	489
GO:0060828	cv_fold2	549	66	483
GO:0060828	cv_fold3	548	67	481
GO:0060828	holdout	536	49	487
GO:0061844	cv_fold1	347	31	316
GO:0061844	cv_fold2	348	32	316
GO:0061844	cv_fold3	348	29	319
GO:0061844	holdout	259	21	238
GO:0070555	cv_fold1	286	27	259
GO:0070555	cv_fold2	286	27	259
GO:0070555	cv_fold3	286	26	260
GO:0070555	holdout	216	20	196
GO:0090303	cv_fold1	179	17	162
GO:0090303	cv_fold2	174	16	158
GO:0090303	cv_fold3	172	16	156
GO:0090303	holdout	132	12	120
GO:0097190	cv_fold1	569	84	485
GO:0097190	cv_fold2	565	84	481
GO:0097190	cv_fold3	568	81	487
GO:0097190	holdout	545	61	484
GO:0097191	cv_fold1	325	30	295
GO:0097191	cv_fold2	326	30	296
GO:0097191	cv_fold3	325	30	295
GO:0097191	holdout	243	21	222
GO:1901224	cv_fold1	177	17	160
GO:1901224	cv_fold2	172	16	156
GO:1901224	cv_fold3	174	16	158
GO:1901224	holdout	129	12	117
GO:2000781	cv_fold1	211	20	191
GO:2000781	cv_fold2	207	20	187
GO:2000781	cv_fold3	208	17	191
GO:2000781	holdout	156	14	142
GO:2001244	cv_fold1	173	16	157
GO:2001244	cv_fold2	171	16	155
GO:2001244	cv_fold3	173	16	157
GO:2001244	holdout	132	12	120
